INSERT INTO `someNewNameOfDataBase`.`railways` (`id`, `city`, `railway_address`) VALUES ('1',  'Wroclaw','ul. Joannitow 13');
INSERT INTO `someNewNameOfDataBase`.`railways` (`id`, `city`, `railway_address`) VALUES ('2',  'Bydgoszcz','ul. Torunska 147');
INSERT INTO `someNewNameOfDataBase`.`railways` (`id`, `city`, `railway_address`) VALUES ('3',  'Lublin','Aleje Tysiaclecia 6');
INSERT INTO `someNewNameOfDataBase`.`railways` (`id`, `city`, `railway_address`) VALUES ('4',  'Gorzow Wielkopolski','Dworcowa 10');
INSERT INTO `someNewNameOfDataBase`.`railways` (`id`, `city`, `railway_address`) VALUES ('5',  'Lodz', 'PKP Karolewska 55');
INSERT INTO `someNewNameOfDataBase`.`railways` (`id`, `city`, `railway_address`) VALUES ('6',  'Krakow','Bosacka 18');
INSERT INTO `someNewNameOfDataBase`.`railways` (`id`, `city`, `railway_address`) VALUES ('7',  'Warszawa','Aleje Jerozolimskie 54');
INSERT INTO `someNewNameOfDataBase`.`railways` (`id`, `city`, `railway_address`) VALUES ('8',  'Opole','1 Maja 4');
INSERT INTO `someNewNameOfDataBase`.`railways` (`id`, `city`, `railway_address`) VALUES ('9',  'Rzeszow','Artura Grottgera 1');
INSERT INTO `someNewNameOfDataBase`.`railways` (`id`, `city`, `railway_address`) VALUES ('10', 'Bialystok','Bohaterow Monte Cassino 10');
INSERT INTO `someNewNameOfDataBase`.`railways` (`id`, `city`, `railway_address`) VALUES ('11', 'Gdansk', '3 Maja 12' );
INSERT INTO `someNewNameOfDataBase`.`railways` (`id`, `city`, `railway_address`) VALUES ('12', 'Katowice','Skargi 1' );
INSERT INTO `someNewNameOfDataBase`.`railways` (`id`, `city`, `railway_address`) VALUES ('13', 'Kielce','ul. Czarnowska 12');
INSERT INTO `someNewNameOfDataBase`.`railways` (`id`, `city`, `railway_address`) VALUES ('14', 'Olsztyn','plac Konstytucji 3 Maja 2A ');
INSERT INTO `someNewNameOfDataBase`.`railways` (`id`, `city`, `railway_address`) VALUES ('15', 'Poznan','Stanislawa Matyi 2');
INSERT INTO `someNewNameOfDataBase`.`railways` (`id`, `city`, `railway_address`) VALUES ('16', 'Szczecin','plac Grodnicki 1' );
INSERT INTO `someNewNameOfDataBase`.`traveler` (`id`, `first_name`, `last_name`, `login`, `password`) VALUES ('1', 'Jan', 'Kowalski', 'Kolwal', 'lowak');
INSERT INTO `someNewNameOfDataBase`.`traveler` (`id`, `first_name`, `last_name`, `login`, `password`) VALUES ('2', 'Marcin', 'Nowak', 'nowacek', 'nowy');
INSERT INTO `someNewNameOfDataBase`.`traveler` (`id`, `first_name`, `last_name`, `login`, `password`) VALUES ('3', 'Marek', 'Konrad', 'koniu', 'horsman');
INSERT INTO `someNewNameOfDataBase`.`traveler` (`id`, `first_name`, `last_name`, `login`, `password`) VALUES ('4', 'Paweł', 'Paweł', 'Pablo', 'pepa');
INSERT INTO `someNewNameOfDataBase`.`traveler` (`id`, `first_name`, `last_name`, `login`, `password`) VALUES ('5', 'Marian', 'Marin', 'mario', 'muniek');
INSERT INTO `someNewNameOfDataBase`.`traveler` (`id`, `first_name`, `last_name`, `login`, `password`) VALUES ('6', 'Anna', 'Maria', 'jopek', 'jopal');
INSERT INTO `someNewNameOfDataBase`.`traveler` (`id`, `first_name`, `last_name`, `login`, `password`) VALUES ('7', 'Ewa', 'Farna', 'fafik', 'fiber');
INSERT INTO `someNewNameOfDataBase`.`traveler` (`id`, `first_name`, `last_name`, `login`, `password`) VALUES ('8', 'Halina', 'Pinda', 'Parapa', 'ponpon');
INSERT INTO `someNewNameOfDataBase`.`traveler` (`id`, `first_name`, `last_name`, `login`, `password`) VALUES ('9', 'Marzena', 'Buba', 'Biba', 'barnaba');
INSERT INTO `someNewNameOfDataBase`.`traveler` (`id`, `first_name`, `last_name`, `login`, `password`) VALUES ('10', 'Ewelina', 'Pepik', 'pelonelo', 'parampam');
INSERT INTO `someNewNameOfDataBase`.`traveler` (`id`, `first_name`, `last_name`, `login`, `password`) VALUES ('11', 'Arkadiusz', 'Jurand', 'jaro', 'pajaro');
INSERT INTO `someNewNameOfDataBase`.`traveler` (`id`, `first_name`, `last_name`, `login`, `password`) VALUES ('12', 'Henryk', 'Kania', 'kanalia', 'kanala');
INSERT INTO `someNewNameOfDataBase`.`bus` (`travel_date`, `end_point_id`, `start_point_id`) VALUES ('2019-04-24', '1', '4');
INSERT INTO `someNewNameOfDataBase`.`bus` (`travel_date`, `end_point_id`, `start_point_id`) VALUES ('2019-04-25', '2', '5');
INSERT INTO `someNewNameOfDataBase`.`bus` (`travel_date`, `end_point_id`, `start_point_id`) VALUES ('2019-04-26', '1', '4');
INSERT INTO `someNewNameOfDataBase`.`bus` (`travel_date`, `end_point_id`, `start_point_id`) VALUES ('2019-04-27', '5', '2');
INSERT INTO `someNewNameOfDataBase`.`bus` (`travel_date`, `end_point_id`, `start_point_id`) VALUES ('2019-04-28', '2', '6');
INSERT INTO `someNewNameOfDataBase`.`bus_traveler` (`bus_id`, `traveler_id`) VALUES ('1', '2');
INSERT INTO `someNewNameOfDataBase`.`bus_traveler` (`bus_id`, `traveler_id`) VALUES ('1', '2');
INSERT INTO `someNewNameOfDataBase`.`bus_traveler` (`bus_id`, `traveler_id`) VALUES ('1', '3');
INSERT INTO `someNewNameOfDataBase`.`bus_traveler` (`bus_id`, `traveler_id`) VALUES ('1', '4');
INSERT INTO `someNewNameOfDataBase`.`bus_traveler` (`bus_id`, `traveler_id`) VALUES ('1', '5');
INSERT INTO `someNewNameOfDataBase`.`bus_traveler` (`bus_id`, `traveler_id`) VALUES ('1', '1');
INSERT INTO `someNewNameOfDataBase`.`bus_traveler` (`bus_id`, `traveler_id`) VALUES ('2', '3');
INSERT INTO `someNewNameOfDataBase`.`bus_traveler` (`bus_id`, `traveler_id`) VALUES ('2', '5');
INSERT INTO `someNewNameOfDataBase`.`bus_traveler` (`bus_id`, `traveler_id`) VALUES ('2', '6');
INSERT INTO `someNewNameOfDataBase`.`bus_traveler` (`bus_id`, `traveler_id`) VALUES ('2', '6');
INSERT INTO `someNewNameOfDataBase`.`bus_traveler` (`bus_id`, `traveler_id`) VALUES ('2', '7');
INSERT INTO `someNewNameOfDataBase`.`bus_traveler` (`bus_id`, `traveler_id`) VALUES ('3', '4');
INSERT INTO `someNewNameOfDataBase`.`bus_traveler` (`bus_id`, `traveler_id`) VALUES ('3', '5');
INSERT INTO `someNewNameOfDataBase`.`bus_traveler` (`bus_id`, `traveler_id`) VALUES ('3', '2');
INSERT INTO `someNewNameOfDataBase`.`bus` (`travel_date`, `end_point_id`, `start_point_id`) VALUES ('2019-04-24', '2', '3');
UPDATE `someNewNameOfDataBase`.`bus` SET `departure_time`='12:00:00' WHERE `id`='3';
UPDATE `someNewNameOfDataBase`.`bus` SET `departure_time`='13:20' WHERE `id`='4';
UPDATE `someNewNameOfDataBase`.`bus` SET `departure_time`='14:20', `travel_date`='2019-04-29' WHERE `id`='1';
UPDATE `someNewNameOfDataBase`.`bus` SET `departure_time`='15:20', `travel_date`='2019-04-27' WHERE `id`='2';
UPDATE `someNewNameOfDataBase`.`bus` SET `departure_time`='09:50' WHERE `id`='5';
UPDATE `someNewNameOfDataBase`.`bus` SET `departure_time`='10:50', `travel_date`='2019-04-29' WHERE `id`='6';
INSERT INTO `someNewNameOfDataBase`.`bus` (`id`, `departure_time`, `travel_date`, `end_point_id`, `start_point_id`) VALUES ('7', '23:50', '2019-04-29', '4', '1');
UPDATE `someNewNameOfDataBase`.`bus` SET `departure_time`='12:00' WHERE `id`='3';
INSERT INTO `someNewNameOfDataBase`.`bus` (`id`, `departure_time`, `travel_date`, `end_point_id`, `start_point_id`) VALUES ('8', '12:20', '2019-04-26', '1', '4');
